op,shape,bits,torch_materialized_ms,dyop_native_ms,speedup_vs_torch,max_abs_error
linear,gemv_qwen_mlp,4,0.204624996210138,0.14952803030610085,1.3684724916876616,1.9073486328125e-05
linear,gemm_qwen_seq,4,0.10468065738677979,0.6441803804288307,0.16250208880483738,0.0001373291015625
linear,output_projection,4,13.228305615484715,15.844708308577538,0.8348721451895437,0.0001983642578125
embedding,qwen_vocab_width,4,0.021166711424787838,0.028763975327213604,0.7358757328915523,0.0
conv2d,resnet_conv3x3,4,5.260416694606344,280.9812363702804,0.01872159423369504,3.814697265625e-05
conv2d,resnet_downsample,4,0.5265140595535437,20.036319348340232,0.02627798301673401,1.1444091796875e-05
