op,shape,bits,torch_materialized_ms,dyop_native_ms,speedup_vs_torch,max_abs_error
linear,gemv_qwen_mlp,4,0.2189749851822853,0.1410083845257759,1.5529217352480011,1.9073486328125e-05
linear,gemm_qwen_seq,4,0.1267584040760994,0.6984999869018793,0.18147230701939238,0.0001373291015625
linear,output_projection_gemv,4,7.202191604301333,2.76484158821404,2.604920164324357,2.288818359375e-05
linear,output_projection,4,11.861449992284179,14.722499996423721,0.8056681946113413,0.0001983642578125
embedding,qwen_vocab_width,4,0.026950007304549217,0.03526657819747925,0.7641798178898889,0.0
conv2d,resnet_conv3x3,4,8.138666581362486,439.5934999920428,0.018514073983145352,3.814697265625e-05
conv2d,resnet_downsample,4,0.7772416342049837,27.890649996697903,0.027867462188834066,1.1444091796875e-05
