op,shape,bits,torch_materialized_ms,dyop_native_ms,speedup_vs_torch,max_abs_error
linear,gemv_qwen_mlp,6,0.2014999045059085,0.17716654110699892,1.1373473978035928,1.52587890625e-05
linear,gemm_qwen_seq,6,0.11066696606576443,0.6577500607818365,0.16825078804891302,0.000152587890625
linear,output_projection_gemv,6,6.991791422478855,3.5927079152315855,1.946106276225955,2.288818359375e-05
linear,output_projection,6,15.924957930110395,17.80083344783634,0.8946186692200103,0.0001983642578125
embedding,qwen_vocab_width,6,0.02106244210153818,0.024937442503869534,0.8446111544225087,0.0
conv2d,resnet_conv3x3,6,5.216312478296459,23.438458563759923,0.22255356358467263,0.0
conv2d,resnet_downsample,6,0.4054789897054434,3.630166524089873,0.11169707698384496,3.814697265625e-05
