op,shape,bits,torch_materialized_ms,dyop_native_ms,speedup_vs_torch,max_abs_error
linear,gemv_qwen_mlp,6,0.2634789561852813,0.21106249187141657,1.248345709600538,1.52587890625e-05
linear,gemm_qwen_seq,6,0.12660399079322815,0.6986454827710986,0.18121349656633817,0.000152587890625
linear,output_projection_gemv,6,6.855187471956015,3.0623750062659383,2.2385199258515325,2.288818359375e-05
linear,output_projection,6,18.681208486668766,18.281687516719103,1.0218536155146667,0.0001983642578125
embedding,qwen_vocab_width,6,0.021395506337285042,0.02485397271811962,0.8608485484369585,0.0
conv2d,resnet_conv3x3,6,6.41779147554189,9.33091645129025,0.6877986218228819,0.00012969970703125
conv2d,resnet_downsample,6,0.3646670375019312,2.636854420416057,0.13829623458863233,1.9073486328125e-05
