op,shape,bits,torch_materialized_ms,dyop_native_ms,speedup_vs_torch,max_abs_error
linear,gemv_qwen_mlp,4,0.18685837276279926,0.14416677877306938,1.2961264332397273,3.0517578125e-05
linear,gemm_qwen_seq,4,0.09697503410279751,0.931041594594717,0.10415757434017843,0.00014495849609375
linear,output_projection,4,12.803658191114664,20.837150001898408,0.6144630234916082,0.00020599365234375
embedding,qwen_vocab_width,4,0.022033369168639183,0.023708399385213852,0.9293486587028169,0.0
conv2d,resnet_conv3x3,4,5.041666608303785,299.4771500118077,0.01683489577787489,3.814697265625e-05
conv2d,resnet_downsample,4,0.5337666254490614,20.497200032696128,0.026040953134946386,1.1444091796875e-05
