op,shape,bits,torch_materialized_ms,dyop_native_ms,speedup_vs_torch,max_abs_error
linear,gemv_qwen_mlp,6,0.22308353800326586,0.16677100211381912,1.3376638334943514,1.52587890625e-05
linear,gemm_qwen_seq,6,0.11074997019022703,0.6756250513717532,0.16392223758631533,0.000152587890625
linear,output_projection_gemv,6,6.864521070383489,2.9400624334812164,2.3348215303902475,2.288818359375e-05
linear,output_projection,6,15.236187493428588,18.135541467927396,0.8401286236958351,0.0001983642578125
embedding,qwen_vocab_width,6,0.02114602830260992,0.05391659215092659,0.3921989031394395,0.0
conv2d,resnet_conv3x3,6,5.96808351110667,9.467875002883375,0.6303508980937256,0.00012969970703125
conv2d,resnet_downsample,6,0.3610624698922038,1.1430204613134265,0.31588452010501433,3.0517578125e-05
