op,shape,bits,torch_materialized_ms,dyop_native_ms,speedup_vs_torch,max_abs_error
linear,gemv_qwen_mlp,6,0.20779191982001066,0.17189595382660627,1.2088237983170513,1.52587890625e-05
linear,gemm_qwen_seq,6,0.09752099867910147,0.7040625205263495,0.13851184495120664,0.000152587890625
linear,output_projection_gemv,6,6.862895446829498,3.0491669895127416,2.250744373933483,2.288818359375e-05
linear,output_projection,6,15.681187505833805,18.555228947661817,0.8451088127268741,0.0001983642578125
embedding,qwen_vocab_width,6,0.02106244210153818,0.023353961296379566,0.901878779117587,0.0
conv2d,resnet_conv3x3,6,5.893249996006489,18.099999986588955,0.32559392267254383,0.00012969970703125
conv2d,resnet_downsample,6,0.4118955694139004,3.4504790091887116,0.1193734459235985,3.814697265625e-05
