op,shape,bits,torch_materialized_ms,dyop_native_ms,speedup_vs_torch,max_abs_error
linear,gemv_qwen_mlp,4,0.20070001482963562,0.12694159522652626,1.581042167238312,1.9073486328125e-05
linear,gemm_qwen_seq,4,0.09758342057466507,1.7885832116007805,0.054559061016416444,0.0
linear,output_projection,4,13.908283365890384,38.7426417786628,0.35899161046757166,0.0
embedding,qwen_vocab_width,4,0.019591813907027245,0.022475002333521843,0.8717157674242252,0.0
conv2d,resnet_conv3x3,4,5.146858422085643,281.2198499683291,0.01830190302236944,3.814697265625e-05
conv2d,resnet_downsample,4,0.5134250037372112,19.89228343591094,0.025810259812120942,1.1444091796875e-05
