op,shape,bits,torch_materialized_ms,dyop_native_ms,speedup_vs_torch,max_abs_error
linear,gemv_qwen_mlp,6,0.3079578746110201,27.666083071380854,0.011131242316321488,2.6702880859375e-05
linear,gemm_qwen_seq,6,0.24079089052975178,294.10337493754923,0.000818728756787922,0.00014495849609375
linear,output_projection_gemv,6,6.800458999350667,620.0684579089284,0.010967271294985745,3.814697265625e-05
linear,output_projection,6,16.74737478606403,5640.85637498647,0.00296894188980378,0.00018310546875
embedding,qwen_vocab_width,6,0.037207966670393944,0.4267089534550905,0.08719752976617572,0.0
conv2d,resnet_conv3x3,6,10.361332911998034,11616.089875111356,0.0008919811247499242,0.0001220703125
conv2d,resnet_downsample,6,0.4077078774571419,821.177083067596,0.00049649203060332,3.814697265625e-05
