op,shape,bits,torch_materialized_ms,dyop_native_ms,speedup_vs_torch,max_abs_error
linear,gemv_qwen_mlp,6,0.2615834819152951,0.19325001630932093,1.3536013445742634,1.52587890625e-05
linear,gemm_qwen_seq,6,0.13833341654390097,0.7410000544041395,0.18668475895745923,0.000152587890625
linear,output_projection_gemv,6,6.7131874384358525,3.269520471803844,2.0532636196439182,2.288818359375e-05
linear,output_projection,6,17.601166502572596,18.591166590340436,0.9467488991098482,0.0001983642578125
embedding,qwen_vocab_width,6,0.022104009985923767,0.024979584850370884,0.8848830001910771,0.0
conv2d,resnet_conv3x3,6,6.119562545791268,9.107666555792093,0.6719133279972227,0.00012969970703125
conv2d,resnet_downsample,6,0.3640209324657917,2.8699164977297187,0.12684025223512765,1.9073486328125e-05
