op,shape,bits,torch_materialized_ms,dyop_native_ms,speedup_vs_torch,max_abs_error
linear,gemv_qwen_mlp,6,0.23281248286366463,0.21120801102370024,1.1022900207963233,1.52587890625e-05
linear,gemm_qwen_seq,6,0.16118749044835567,0.8929375326260924,0.1805137364696833,0.000152587890625
linear,output_projection_gemv,6,10.145520907826722,3.149271011352539,3.2215458343388033,2.288818359375e-05
linear,output_projection,6,16.311187529936433,19.86554148606956,0.8210794325125459,0.0001983642578125
embedding,qwen_vocab_width,6,0.026417081244289875,0.03139604814350605,0.8414142163224443,0.0
conv2d,resnet_conv3x3,6,5.8189789997413754,23.64212495740503,0.246127579911923,0.0
conv2d,resnet_downsample,6,0.5415835184976459,6.160145509056747,0.08791732560560475,0.0
