op,shape,bits,torch_materialized_ms,dyop_native_ms,speedup_vs_torch,max_abs_error
linear,gemv_qwen_mlp,6,0.4943750100210309,0.2950209891423583,1.675728264142173,1.52587890625e-05
linear,gemm_qwen_seq,6,0.5604999605566263,2.1795204374939203,0.25716664588890314,0.000152587890625
linear,output_projection_gemv,6,8.804062497802079,4.561416455544531,1.930115915441242,2.288818359375e-05
linear,output_projection,6,45.183333568274975,74.64216649532318,0.6053325578526182,0.0001983642578125
embedding,qwen_vocab_width,6,0.09864603634923697,0.08704152423888445,1.1333215636080094,0.0
conv2d,resnet_conv3x3,6,19.328416441567242,480.4433125536889,0.04023037877003922,0.0
conv2d,resnet_downsample,6,1.3604999985545874,27.677208418026567,0.04915596898379657,0.0
