op,shape,bits,torch_materialized_ms,dyop_native_ms,speedup_vs_torch,max_abs_error
linear,gemv_qwen_mlp,6,0.20377105101943016,0.17127045430243015,1.189761840998041,1.52587890625e-05
linear,gemm_qwen_seq,6,0.09729142766445875,0.6768959574401379,0.1437317309921486,0.000152587890625
linear,output_projection_gemv,6,6.900520995259285,2.717374940402806,2.5394070183912114,2.288818359375e-05
linear,output_projection,6,18.232187489047647,18.481041537597775,0.9865346307434102,0.0001983642578125
embedding,qwen_vocab_width,6,0.021562562324106693,0.02464593853801489,0.8748931306003108,0.0
conv2d,resnet_conv3x3,6,6.132166483439505,20.441917004063725,0.29998001078961767,0.00012969970703125
conv2d,resnet_downsample,6,0.4052079748362303,3.494541975669563,0.11595453071030616,3.814697265625e-05
