op,shape,bits,torch_materialized_ms,dyop_native_ms,speedup_vs_torch,max_abs_error
linear,gemv_qwen_mlp,4,0.20600003190338612,0.15401658602058887,1.3375184921697207,1.9073486328125e-05
linear,gemm_qwen_seq,4,0.09427499026060104,0.7274166215211153,0.12960246916472812,0.0001373291015625
linear,output_projection_gemv,4,7.340558432042599,2.4684918113052845,2.9737017552272422,2.288818359375e-05
linear,output_projection,4,10.684766806662083,14.517541788518429,0.7359900844309886,0.0001983642578125
embedding,qwen_vocab_width,4,0.015258416533470154,0.018300022929906845,0.8337922084531413,0.0
conv2d,resnet_conv3x3,4,4.095958219841123,177.2572749760002,0.02310741954255867,3.814697265625e-05
conv2d,resnet_downsample,4,0.28938320465385914,16.329799965023994,0.01772117265818779,1.1444091796875e-05
