op,shape,bits,torch_materialized_ms,dyop_native_ms,speedup_vs_torch,max_abs_error
linear,gemv_qwen_mlp,6,0.21856254898011684,0.2168749924749136,1.0077812406398052,1.52587890625e-05
linear,gemm_qwen_seq,6,0.12772949412465096,0.715604517608881,0.17849173807824179,0.000152587890625
linear,output_projection_gemv,6,6.833312567323446,2.953208517283201,2.313860510469386,2.288818359375e-05
linear,output_projection,6,15.90118755120784,19.006437505595386,0.8366211472574291,0.0001983642578125
embedding,qwen_vocab_width,6,0.021999934688210487,0.024916953407227993,0.8829303618567057,0.0
conv2d,resnet_conv3x3,6,6.54229149222374,9.396270499564707,0.6962647033763895,0.00012969970703125
conv2d,resnet_downsample,6,0.3640205832198262,2.3843125673010945,0.1526731806106599,0.0
