op,shape,bits,torch_materialized_ms,dyop_native_ms,speedup_vs_torch,max_abs_error
linear,gemv_qwen_mlp,6,0.33733295276761055,10.564667172729969,0.03193029626511574,0.00012969970703125
linear,gemm_qwen_seq,6,0.20845793187618256,117.72766709327698,0.0017706792041586872,5.340576171875e-05
linear,output_projection_gemv,6,7.223624968901277,337.4593751505017,0.021405909868942447,0.0001678466796875
linear,output_projection,6,25.630125077441335,2397.9509589262307,0.010688344138996967,8.7738037109375e-05
embedding,qwen_vocab_width,6,0.03374996595084667,0.37516606971621513,0.08996007015340161,0.0
conv2d,resnet_conv3x3,6,6.702624959871173,11508.661333937198,0.0005823983142249747,6.103515625e-05
conv2d,resnet_downsample,6,1.0622499976307154,855.2164591383189,0.0012420832016037144,1.9073486328125e-05
