op,shape,bits,torch_materialized_ms,dyop_native_ms,speedup_vs_torch,max_abs_error
linear,gemv_qwen_mlp,6,0.304062501527369,0.36610395181924105,0.8305359721369406,1.52587890625e-05
linear,gemm_qwen_seq,6,0.2919579856097698,1.6677710227668285,0.1750587950169635,0.000152587890625
linear,output_projection_gemv,6,10.002020513638854,13.170249992981553,0.7594404448639127,2.288818359375e-05
linear,output_projection,6,39.96349999215454,49.30981248617172,0.8104573507222679,0.0001983642578125
embedding,qwen_vocab_width,6,0.07945799734443426,0.05993747618049383,1.3256814001503323,0.0
conv2d,resnet_conv3x3,6,20.117312553338706,637.3564373934641,0.03156367673261536,6.103515625e-05
conv2d,resnet_downsample,6,3.4607290290296078,79.81764548458159,0.0433579443244554,1.9073486328125e-05
