op,shape,bits,torch_materialized_ms,dyop_native_ms,speedup_vs_torch,max_abs_error
linear,gemv_qwen_mlp,6,0.19708345644176006,0.19316654652357101,1.0202773719812352,1.52587890625e-05
linear,gemm_qwen_seq,6,0.10499998461455107,0.9034584509208798,0.11622004809133875,0.000152587890625
linear,output_projection_gemv,6,7.735958555713296,3.096395987085998,2.4983750747570133,2.288818359375e-05
linear,output_projection,6,17.003249959088862,20.694603910669684,0.8216272238156904,0.0001983642578125
embedding,qwen_vocab_width,6,0.022354070097208023,0.02504198346287012,0.8926637193236917,0.0
conv2d,resnet_conv3x3,6,5.969062447547913,9.175666491501033,0.6505317573471922,0.00012969970703125
conv2d,resnet_downsample,6,0.36508345510810614,3.837520955130458,0.09513523427670638,3.814697265625e-05
