op,shape,bits,torch_materialized_ms,dyop_native_ms,speedup_vs_torch,max_abs_error
linear,gemv_qwen_mlp,6,0.26743742637336254,0.20752055570483208,1.28872740083519,1.52587890625e-05
linear,gemm_qwen_seq,6,0.15497952699661255,0.8037079824134707,0.19283064295469785,0.000152587890625
linear,output_projection_gemv,6,6.728103966452181,3.302437486127019,2.0373145577216247,2.288818359375e-05
linear,output_projection,6,15.68381255492568,19.631957984529436,0.7988919173158882,0.0001983642578125
embedding,qwen_vocab_width,6,0.021771062165498734,0.024791457690298557,0.8781678930488315,0.0
conv2d,resnet_conv3x3,6,5.807958426885307,13.521395507268608,0.42953838779164183,6.866455078125e-05
conv2d,resnet_downsample,6,0.3616040339693427,2.929624984972179,0.12343014407107696,1.9073486328125e-05
