op,shape,bits,torch_materialized_ms,dyop_native_ms,speedup_vs_torch,max_abs_error
linear,gemv_qwen_mlp,4,0.22160401567816734,0.17216650303453207,1.287149426701891,1.9073486328125e-05
linear,gemm_qwen_seq,4,0.11212495155632496,0.6710001034662127,0.1671012433189153,0.0001373291015625
linear,output_projection,4,13.249812531284988,16.381270601414144,0.8088391220483943,0.0001983642578125
embedding,qwen_vocab_width,4,0.020291423425078392,0.023312517441809177,0.8704089327001343,0.0
conv2d,resnet_conv3x3,4,5.004625068977475,264.4852710654959,0.018922131462428972,3.814697265625e-05
conv2d,resnet_downsample,4,0.5250830436125398,19.906979519873857,0.02637683145694355,1.1444091796875e-05
